INSERT INTO LEOS_USER (USER_LOGIN,USER_PER_ID,USER_LASTNAME,USER_FIRSTNAME,USER_EMAIL) VALUES ('demo', 1, 'DEMO', 'Demo', 'demo.test@mail.com');
INSERT INTO LEOS_USER (USER_LOGIN,USER_PER_ID,USER_LASTNAME,USER_FIRSTNAME,USER_EMAIL) VALUES ('john', 2, 'DOE', 'John', 'john.test@mail.com');
INSERT INTO LEOS_USER (USER_LOGIN,USER_PER_ID,USER_LASTNAME,USER_FIRSTNAME,USER_EMAIL) VALUES ('jane', 3, 'DOE', 'Jane', 'jane.test@mail.com');
INSERT INTO LEOS_USER (USER_LOGIN,USER_PER_ID,USER_LASTNAME,USER_FIRSTNAME,USER_EMAIL) VALUES ('luke', 4, 'SKYWALKER', 'Luke', 'luke.test@mail.com');
INSERT INTO LEOS_USER (USER_LOGIN,USER_PER_ID,USER_LASTNAME,USER_FIRSTNAME,USER_EMAIL) VALUES ('leia', 5,'ORGANA', 'Leia', 'leia.test@mail.com');
INSERT INTO LEOS_USER (USER_LOGIN,USER_PER_ID,USER_LASTNAME,USER_FIRSTNAME,USER_EMAIL) VALUES ('han', 6, 'SOLO', 'Han', 'han.test@mail.com');
INSERT INTO LEOS_USER (USER_LOGIN,USER_PER_ID,USER_LASTNAME,USER_FIRSTNAME,USER_EMAIL) VALUES ('chewie', 7, 'CHEWBACCA', 'Chewie', 'chewie.test@mail.com');
INSERT INTO LEOS_USER (USER_LOGIN,USER_PER_ID,USER_LASTNAME,USER_FIRSTNAME,USER_EMAIL) VALUES ('c3po', 8, 'C-3PO', 'c3po', 'c3po.test@mail.com');
INSERT INTO LEOS_USER (USER_LOGIN,USER_PER_ID,USER_LASTNAME,USER_FIRSTNAME,USER_EMAIL) VALUES ('r2d2', 9, 'R2-D2', 'r2d2', 'r2d2.test@mail.com');
INSERT INTO LEOS_USER (USER_LOGIN,USER_PER_ID,USER_LASTNAME,USER_FIRSTNAME,USER_EMAIL) VALUES ('vader',10, 'DARTH', 'Vader', 'vader.test@mail.com');
INSERT INTO LEOS_USER (USER_LOGIN,USER_PER_ID,USER_LASTNAME,USER_FIRSTNAME,USER_EMAIL) VALUES ('leos', 11, 'S', 'Leo', 'leo.s@mail.com');
INSERT INTO LEOS_USER (USER_LOGIN,USER_PER_ID,USER_LASTNAME,USER_FIRSTNAME,USER_EMAIL) VALUES ('admin', 99, 'SUPER', 'ADMIN', 'super.admin@mail.com');
INSERT INTO LEOS_USER (USER_LOGIN,USER_PER_ID,USER_LASTNAME,USER_FIRSTNAME,USER_EMAIL) VALUES ('iluser1', 1001, 'User1', 'Leos', 'iluser1@mail.com');
INSERT INTO LEOS_USER (USER_LOGIN,USER_PER_ID,USER_LASTNAME,USER_FIRSTNAME,USER_EMAIL) VALUES ('gjuser17', 1002, 'Leos', 'User17', 'leos.s@mail.com');
INSERT INTO LEOS_USER (USER_LOGIN,USER_PER_ID,USER_LASTNAME,USER_FIRSTNAME,USER_EMAIL) VALUES ('gjuser18', 1003, 'Leos', 'User18', 'leos.s@mail.com');
INSERT INTO LEOS_USER (USER_LOGIN,USER_PER_ID,USER_LASTNAME,USER_FIRSTNAME,USER_EMAIL) VALUES ('gjuser19', 1004, 'Leos', 'User19', 'leos.s@mail.com');
INSERT INTO LEOS_USER (USER_LOGIN,USER_PER_ID,USER_LASTNAME,USER_FIRSTNAME,USER_EMAIL) VALUES ('oruser2', 1005, 'Leos', 'User2', 'leos.s@mail.com');
INSERT INTO LEOS_USER (USER_LOGIN,USER_PER_ID,USER_LASTNAME,USER_FIRSTNAME,USER_EMAIL) VALUES ('oruser3', 1006, 'Leos', 'User3', 'leos.s@mail.com');
INSERT INTO LEOS_USER (USER_LOGIN,USER_PER_ID,USER_LASTNAME,USER_FIRSTNAME,USER_EMAIL) VALUES ('oruser4', 1007, 'Leos', 'User4', 'leos.s@mail.com');
INSERT INTO LEOS_USER (USER_LOGIN,USER_PER_ID,USER_LASTNAME,USER_FIRSTNAME,USER_EMAIL) VALUES ('oruser5', 1008, 'Leos', 'User5', 'leos.s@mail.com');
INSERT INTO LEOS_USER (USER_LOGIN,USER_PER_ID,USER_LASTNAME,USER_FIRSTNAME,USER_EMAIL) VALUES ('oruser6', 1009, 'Leos', 'User6', 'leos.s@mail.com');
INSERT INTO LEOS_USER (USER_LOGIN,USER_PER_ID,USER_LASTNAME,USER_FIRSTNAME,USER_EMAIL) VALUES ('oruser7', 1010, 'Leos', 'User7', 'leos.s@mail.com');
INSERT INTO LEOS_USER (USER_LOGIN,USER_PER_ID,USER_LASTNAME,USER_FIRSTNAME,USER_EMAIL) VALUES ('oruser8', 1011, 'Leos', 'User8', 'leos.s@mail.com');
INSERT INTO LEOS_USER (USER_LOGIN,USER_PER_ID,USER_LASTNAME,USER_FIRSTNAME,USER_EMAIL) VALUES ('oruser9', 1012, 'Leos', 'User9', 'leos.s@mail.com');
INSERT INTO LEOS_USER (USER_LOGIN,USER_PER_ID,USER_LASTNAME,USER_FIRSTNAME,USER_EMAIL) VALUES ('oruser10', 1013, 'Leos', 'User10', 'leos.s@mail.com');
INSERT INTO LEOS_USER (USER_LOGIN,USER_PER_ID,USER_LASTNAME,USER_FIRSTNAME,USER_EMAIL) VALUES ('oruser11', 1014, 'Leos', 'User11', 'leos.s@mail.com');
INSERT INTO LEOS_USER (USER_LOGIN,USER_PER_ID,USER_LASTNAME,USER_FIRSTNAME,USER_EMAIL) VALUES ('oruser12', 1015, 'Leos', 'User12', 'leos.s@mail.com');
INSERT INTO LEOS_USER (USER_LOGIN,USER_PER_ID,USER_LASTNAME,USER_FIRSTNAME,USER_EMAIL) VALUES ('oruser13', 1016, 'Leos', 'User13', 'leos.s@mail.com');
INSERT INTO LEOS_USER (USER_LOGIN,USER_PER_ID,USER_LASTNAME,USER_FIRSTNAME,USER_EMAIL) VALUES ('oruser14', 1017, 'Leos', 'User14', 'leos.s@mail.com');
INSERT INTO LEOS_USER (USER_LOGIN,USER_PER_ID,USER_LASTNAME,USER_FIRSTNAME,USER_EMAIL) VALUES ('oruser15', 1018, 'Leos', 'User15', 'leos.s@mail.com');
INSERT INTO LEOS_USER (USER_LOGIN,USER_PER_ID,USER_LASTNAME,USER_FIRSTNAME,USER_EMAIL) VALUES ('oruser16', 1019, 'Leos', 'User16', 'leos.s@mail.com');
INSERT INTO LEOS_USER (USER_LOGIN,USER_PER_ID,USER_LASTNAME,USER_FIRSTNAME,USER_EMAIL) VALUES ('aduser20', 1020, 'Leos', 'User20', 'leos.s@mail.com');
INSERT INTO LEOS_USER (USER_LOGIN,USER_PER_ID,USER_LASTNAME,USER_FIRSTNAME,USER_EMAIL) VALUES ('aduser21', 1021, 'Leos', 'User21', 'leos.s@mail.com');
INSERT INTO LEOS_USER (USER_LOGIN,USER_PER_ID,USER_LASTNAME,USER_FIRSTNAME,USER_EMAIL) VALUES ('beuser22', 1022, 'Leos', 'User22', 'leos.s@mail.com');
INSERT INTO LEOS_USER (USER_LOGIN,USER_PER_ID,USER_LASTNAME,USER_FIRSTNAME,USER_EMAIL) VALUES ('beuser23', 1023, 'Leos', 'User23', 'leos.s@mail.com');
INSERT INTO LEOS_USER (USER_LOGIN,USER_PER_ID,USER_LASTNAME,USER_FIRSTNAME,USER_EMAIL) VALUES ('cfuser24', 1024, 'Leos', 'User24', 'leos.s@mail.com');
INSERT INTO LEOS_USER (USER_LOGIN,USER_PER_ID,USER_LASTNAME,USER_FIRSTNAME,USER_EMAIL) VALUES ('cfuser25', 1025, 'Leos', 'User25', 'leos.s@mail.com');
INSERT INTO LEOS_USER (USER_LOGIN,USER_PER_ID,USER_LASTNAME,USER_FIRSTNAME,USER_EMAIL) VALUES ('dguser26', 1026, 'Leos', 'User26', 'leos.s@mail.com');
INSERT INTO LEOS_USER (USER_LOGIN,USER_PER_ID,USER_LASTNAME,USER_FIRSTNAME,USER_EMAIL) VALUES ('dguser27', 1027, 'Leos', 'User27', 'leos.s@mail.com');
INSERT INTO LEOS_USER (USER_LOGIN,USER_PER_ID,USER_LASTNAME,USER_FIRSTNAME,USER_EMAIL) VALUES ('ehuser28', 1028, 'Leos', 'User28', 'leos.s@mail.com');
INSERT INTO LEOS_USER (USER_LOGIN,USER_PER_ID,USER_LASTNAME,USER_FIRSTNAME,USER_EMAIL) VALUES ('ehuser29', 1029, 'Leos', 'User29', 'leos.s@mail.com');
INSERT INTO LEOS_USER (USER_LOGIN,USER_PER_ID,USER_LASTNAME,USER_FIRSTNAME,USER_EMAIL) VALUES ('fiuser30', 1030, 'Leos', 'User30', 'leos.s@mail.com');
INSERT INTO LEOS_USER (USER_LOGIN,USER_PER_ID,USER_LASTNAME,USER_FIRSTNAME,USER_EMAIL) VALUES ('fiuser31', 1031, 'Leos', 'User31', 'leos.s@mail.com');
INSERT INTO LEOS_USER (USER_LOGIN,USER_PER_ID,USER_LASTNAME,USER_FIRSTNAME,USER_EMAIL) VALUES ('gjuser32', 1032, 'Leos', 'User32', 'leos.s@mail.com');
INSERT INTO LEOS_USER (USER_LOGIN,USER_PER_ID,USER_LASTNAME,USER_FIRSTNAME,USER_EMAIL) VALUES ('gjuser33', 1033, 'Leos', 'User33', 'leos.s@mail.com');
INSERT INTO LEOS_USER (USER_LOGIN,USER_PER_ID,USER_LASTNAME,USER_FIRSTNAME,USER_EMAIL) VALUES ('hkuser34', 1034, 'Leos', 'User34', 'leos.s@mail.com');
INSERT INTO LEOS_USER (USER_LOGIN,USER_PER_ID,USER_LASTNAME,USER_FIRSTNAME,USER_EMAIL) VALUES ('hkuser35', 1035, 'Leos', 'User35', 'leos.s@mail.com');
INSERT INTO LEOS_USER (USER_LOGIN,USER_PER_ID,USER_LASTNAME,USER_FIRSTNAME,USER_EMAIL) VALUES ('iluser36', 1036, 'Leos', 'User36', 'leos.s@mail.com');
INSERT INTO LEOS_USER (USER_LOGIN,USER_PER_ID,USER_LASTNAME,USER_FIRSTNAME,USER_EMAIL) VALUES ('iluser37', 1037, 'Leos', 'User37', 'leos.s@mail.com');
INSERT INTO LEOS_USER (USER_LOGIN,USER_PER_ID,USER_LASTNAME,USER_FIRSTNAME,USER_EMAIL) VALUES ('jmuser38', 1038, 'Leos', 'User38', 'leos.s@mail.com');
INSERT INTO LEOS_USER (USER_LOGIN,USER_PER_ID,USER_LASTNAME,USER_FIRSTNAME,USER_EMAIL) VALUES ('jmuser39', 1039, 'Leos', 'User39', 'leos.s@mail.com');
INSERT INTO LEOS_USER (USER_LOGIN,USER_PER_ID,USER_LASTNAME,USER_FIRSTNAME,USER_EMAIL) VALUES ('knuser40', 1040, 'Leos', 'User40', 'leos.s@mail.com');
INSERT INTO LEOS_USER (USER_LOGIN,USER_PER_ID,USER_LASTNAME,USER_FIRSTNAME,USER_EMAIL) VALUES ('knuser41', 1041, 'Leos', 'User41', 'leos.s@mail.com');
INSERT INTO LEOS_USER (USER_LOGIN,USER_PER_ID,USER_LASTNAME,USER_FIRSTNAME,USER_EMAIL) VALUES ('louser42', 1042, 'Leos', 'User42', 'leos.s@mail.com');
INSERT INTO LEOS_USER (USER_LOGIN,USER_PER_ID,USER_LASTNAME,USER_FIRSTNAME,USER_EMAIL) VALUES ('louser43', 1043, 'Leos', 'User43', 'leos.s@mail.com');
INSERT INTO LEOS_USER (USER_LOGIN,USER_PER_ID,USER_LASTNAME,USER_FIRSTNAME,USER_EMAIL) VALUES ('mpuser44', 1044, 'Leos', 'User44', 'leos.s@mail.com');
INSERT INTO LEOS_USER (USER_LOGIN,USER_PER_ID,USER_LASTNAME,USER_FIRSTNAME,USER_EMAIL) VALUES ('mpuser45', 1045, 'Leos', 'User45', 'leos.s@mail.com');
INSERT INTO LEOS_USER (USER_LOGIN,USER_PER_ID,USER_LASTNAME,USER_FIRSTNAME,USER_EMAIL) VALUES ('nquser46', 1046, 'Leos', 'User46', 'leos.s@mail.com');
INSERT INTO LEOS_USER (USER_LOGIN,USER_PER_ID,USER_LASTNAME,USER_FIRSTNAME,USER_EMAIL) VALUES ('nquser47', 1047, 'Leos', 'User47', 'leos.s@mail.com');
INSERT INTO LEOS_USER (USER_LOGIN,USER_PER_ID,USER_LASTNAME,USER_FIRSTNAME,USER_EMAIL) VALUES ('oruser48', 1048, 'Leos', 'User48', 'leos.s@mail.com');
INSERT INTO LEOS_USER (USER_LOGIN,USER_PER_ID,USER_LASTNAME,USER_FIRSTNAME,USER_EMAIL) VALUES ('oruser49', 1049, 'Leos', 'User49', 'leos.s@mail.com');
INSERT INTO LEOS_USER (USER_LOGIN,USER_PER_ID,USER_LASTNAME,USER_FIRSTNAME,USER_EMAIL) VALUES ('psuser50', 1050, 'Leos', 'User50', 'leos.s@mail.com');
INSERT INTO LEOS_USER (USER_LOGIN,USER_PER_ID,USER_LASTNAME,USER_FIRSTNAME,USER_EMAIL) VALUES ('psuser51', 1051, 'Leos', 'User51', 'leos.s@mail.com');
INSERT INTO LEOS_USER (USER_LOGIN,USER_PER_ID,USER_LASTNAME,USER_FIRSTNAME,USER_EMAIL) VALUES ('qtuser52', 1052, 'Leos', 'User52', 'leos.s@mail.com');
INSERT INTO LEOS_USER (USER_LOGIN,USER_PER_ID,USER_LASTNAME,USER_FIRSTNAME,USER_EMAIL) VALUES ('qtuser53', 1053, 'Leos', 'User53', 'leos.s@mail.com');
INSERT INTO LEOS_USER (USER_LOGIN,USER_PER_ID,USER_LASTNAME,USER_FIRSTNAME,USER_EMAIL) VALUES ('ruuser54', 1054, 'Leos', 'User54', 'leos.s@mail.com');
INSERT INTO LEOS_USER (USER_LOGIN,USER_PER_ID,USER_LASTNAME,USER_FIRSTNAME,USER_EMAIL) VALUES ('ruuser55', 1055, 'Leos', 'User55', 'leos.s@mail.com');
INSERT INTO LEOS_USER (USER_LOGIN,USER_PER_ID,USER_LASTNAME,USER_FIRSTNAME,USER_EMAIL) VALUES ('svuser56', 1056, 'Leos', 'User56', 'leos.s@mail.com');
INSERT INTO LEOS_USER (USER_LOGIN,USER_PER_ID,USER_LASTNAME,USER_FIRSTNAME,USER_EMAIL) VALUES ('svuser57', 1057, 'Leos', 'User57', 'leos.s@mail.com');
INSERT INTO LEOS_USER (USER_LOGIN,USER_PER_ID,USER_LASTNAME,USER_FIRSTNAME,USER_EMAIL) VALUES ('twuser58', 1058, 'Leos', 'User58', 'leos.s@mail.com');
INSERT INTO LEOS_USER (USER_LOGIN,USER_PER_ID,USER_LASTNAME,USER_FIRSTNAME,USER_EMAIL) VALUES ('twuser59', 1059, 'Leos', 'User59', 'leos.s@mail.com');
INSERT INTO LEOS_USER (USER_LOGIN,USER_PER_ID,USER_LASTNAME,USER_FIRSTNAME,USER_EMAIL) VALUES ('uxuser60', 1060, 'Leos', 'User60', 'leos.s@mail.com');
INSERT INTO LEOS_USER (USER_LOGIN,USER_PER_ID,USER_LASTNAME,USER_FIRSTNAME,USER_EMAIL) VALUES ('uxuser61', 1061, 'Leos', 'User61', 'leos.s@mail.com');
INSERT INTO LEOS_USER (USER_LOGIN,USER_PER_ID,USER_LASTNAME,USER_FIRSTNAME,USER_EMAIL) VALUES ('vyuser62', 1062, 'Leos', 'User62', 'leos.s@mail.com');
INSERT INTO LEOS_USER (USER_LOGIN,USER_PER_ID,USER_LASTNAME,USER_FIRSTNAME,USER_EMAIL) VALUES ('vyuser63', 1063, 'Leos', 'User63', 'leos.s@mail.com');
INSERT INTO LEOS_USER (USER_LOGIN,USER_PER_ID,USER_LASTNAME,USER_FIRSTNAME,USER_EMAIL) VALUES ('wauser64', 1064, 'Leos', 'User64', 'leos.s@mail.com');
INSERT INTO LEOS_USER (USER_LOGIN,USER_PER_ID,USER_LASTNAME,USER_FIRSTNAME,USER_EMAIL) VALUES ('wauser65', 1065, 'Leos', 'User65', 'leos.s@mail.com');
INSERT INTO LEOS_USER (USER_LOGIN,USER_PER_ID,USER_LASTNAME,USER_FIRSTNAME,USER_EMAIL) VALUES ('xbuser66', 1066, 'Leos', 'User66', 'leos.s@mail.com');
INSERT INTO LEOS_USER (USER_LOGIN,USER_PER_ID,USER_LASTNAME,USER_FIRSTNAME,USER_EMAIL) VALUES ('xbuser67', 1067, 'Leos', 'User67', 'leos.s@mail.com');
INSERT INTO LEOS_USER (USER_LOGIN,USER_PER_ID,USER_LASTNAME,USER_FIRSTNAME,USER_EMAIL) VALUES ('ycuser68', 1068, 'Leos', 'User68', 'leos.s@mail.com');
INSERT INTO LEOS_USER (USER_LOGIN,USER_PER_ID,USER_LASTNAME,USER_FIRSTNAME,USER_EMAIL) VALUES ('ycuser69', 1069, 'Leos', 'User69', 'leos.s@mail.com');
INSERT INTO LEOS_USER (USER_LOGIN,USER_PER_ID,USER_LASTNAME,USER_FIRSTNAME,USER_EMAIL) VALUES ('aduser70', 1070, 'Leos', 'User70', 'leos.s@mail.com');
INSERT INTO LEOS_USER (USER_LOGIN,USER_PER_ID,USER_LASTNAME,USER_FIRSTNAME,USER_EMAIL) VALUES ('aduser71', 1071, 'Leos', 'User71', 'leos.s@mail.com');
INSERT INTO LEOS_USER (USER_LOGIN,USER_PER_ID,USER_LASTNAME,USER_FIRSTNAME,USER_EMAIL) VALUES ('beuser72', 1072, 'Leos', 'User72', 'leos.s@mail.com');
INSERT INTO LEOS_USER (USER_LOGIN,USER_PER_ID,USER_LASTNAME,USER_FIRSTNAME,USER_EMAIL) VALUES ('beuser73', 1073, 'Leos', 'User73', 'leos.s@mail.com');
INSERT INTO LEOS_USER (USER_LOGIN,USER_PER_ID,USER_LASTNAME,USER_FIRSTNAME,USER_EMAIL) VALUES ('fcuser74', 1074, 'Leos', 'User74', 'leos.s@mail.com');
INSERT INTO LEOS_USER (USER_LOGIN,USER_PER_ID,USER_LASTNAME,USER_FIRSTNAME,USER_EMAIL) VALUES ('fcuser75', 1075, 'Leos', 'User75', 'leos.s@mail.com');
INSERT INTO LEOS_USER (USER_LOGIN,USER_PER_ID,USER_LASTNAME,USER_FIRSTNAME,USER_EMAIL) VALUES ('zxuser76', 1076, 'Leos', 'User76', 'leos.s@mail.com');

INSERT INTO LEOS_ROLE (ROLE_NAME, ROLE_DESC) VALUES ('SUPPORT', 'Support role');
INSERT INTO LEOS_ROLE (ROLE_NAME, ROLE_DESC) VALUES ('ADMIN', 'Admin role');

INSERT INTO LEOS_USER_ROLE (USER_LOGIN, ROLE_NAME) VALUES ('jane', 'SUPPORT');
INSERT INTO LEOS_USER_ROLE (USER_LOGIN, ROLE_NAME) VALUES ('leos', 'SUPPORT');
INSERT INTO LEOS_USER_ROLE (USER_LOGIN, ROLE_NAME) VALUES ('admin', 'ADMIN');
INSERT INTO LEOS_USER_ROLE (USER_LOGIN, ROLE_NAME) VALUES ('iluser1', 'SUPPORT');
INSERT INTO LEOS_USER_ROLE (USER_LOGIN, ROLE_NAME) VALUES ('gjuser17', 'SUPPORT');
INSERT INTO LEOS_USER_ROLE (USER_LOGIN, ROLE_NAME) VALUES ('gjuser18', 'SUPPORT');
INSERT INTO LEOS_USER_ROLE (USER_LOGIN, ROLE_NAME) VALUES ('gjuser19', 'SUPPORT');
INSERT INTO LEOS_USER_ROLE (USER_LOGIN, ROLE_NAME) VALUES ('oruser2', 'SUPPORT');
INSERT INTO LEOS_USER_ROLE (USER_LOGIN, ROLE_NAME) VALUES ('oruser3', 'SUPPORT');
INSERT INTO LEOS_USER_ROLE (USER_LOGIN, ROLE_NAME) VALUES ('oruser4', 'SUPPORT');
INSERT INTO LEOS_USER_ROLE (USER_LOGIN, ROLE_NAME) VALUES ('oruser5', 'SUPPORT');
INSERT INTO LEOS_USER_ROLE (USER_LOGIN, ROLE_NAME) VALUES ('oruser6', 'SUPPORT');
INSERT INTO LEOS_USER_ROLE (USER_LOGIN, ROLE_NAME) VALUES ('oruser7', 'SUPPORT');
INSERT INTO LEOS_USER_ROLE (USER_LOGIN, ROLE_NAME) VALUES ('oruser8', 'SUPPORT');
INSERT INTO LEOS_USER_ROLE (USER_LOGIN, ROLE_NAME) VALUES ('oruser9', 'SUPPORT');
INSERT INTO LEOS_USER_ROLE (USER_LOGIN, ROLE_NAME) VALUES ('oruser10', 'SUPPORT');
INSERT INTO LEOS_USER_ROLE (USER_LOGIN, ROLE_NAME) VALUES ('oruser11', 'SUPPORT');
INSERT INTO LEOS_USER_ROLE (USER_LOGIN, ROLE_NAME) VALUES ('oruser12', 'SUPPORT');
INSERT INTO LEOS_USER_ROLE (USER_LOGIN, ROLE_NAME) VALUES ('oruser13', 'SUPPORT');
INSERT INTO LEOS_USER_ROLE (USER_LOGIN, ROLE_NAME) VALUES ('oruser14', 'SUPPORT');
INSERT INTO LEOS_USER_ROLE (USER_LOGIN, ROLE_NAME) VALUES ('oruser15', 'SUPPORT');
INSERT INTO LEOS_USER_ROLE (USER_LOGIN, ROLE_NAME) VALUES ('oruser16', 'SUPPORT');
INSERT INTO LEOS_USER_ROLE (USER_LOGIN, ROLE_NAME) VALUES ('aduser20', 'SUPPORT');
INSERT INTO LEOS_USER_ROLE (USER_LOGIN, ROLE_NAME) VALUES ('aduser21', 'SUPPORT');
INSERT INTO LEOS_USER_ROLE (USER_LOGIN, ROLE_NAME) VALUES ('beuser22', 'SUPPORT');
INSERT INTO LEOS_USER_ROLE (USER_LOGIN, ROLE_NAME) VALUES ('beuser23', 'SUPPORT');
INSERT INTO LEOS_USER_ROLE (USER_LOGIN, ROLE_NAME) VALUES ('cfuser24', 'SUPPORT');
INSERT INTO LEOS_USER_ROLE (USER_LOGIN, ROLE_NAME) VALUES ('cfuser25', 'SUPPORT');
INSERT INTO LEOS_USER_ROLE (USER_LOGIN, ROLE_NAME) VALUES ('dguser26', 'SUPPORT');
INSERT INTO LEOS_USER_ROLE (USER_LOGIN, ROLE_NAME) VALUES ('dguser27', 'SUPPORT');
INSERT INTO LEOS_USER_ROLE (USER_LOGIN, ROLE_NAME) VALUES ('ehuser28', 'SUPPORT');
INSERT INTO LEOS_USER_ROLE (USER_LOGIN, ROLE_NAME) VALUES ('ehuser29', 'SUPPORT');
INSERT INTO LEOS_USER_ROLE (USER_LOGIN, ROLE_NAME) VALUES ('fiuser30', 'SUPPORT');
INSERT INTO LEOS_USER_ROLE (USER_LOGIN, ROLE_NAME) VALUES ('fiuser31', 'SUPPORT');
INSERT INTO LEOS_USER_ROLE (USER_LOGIN, ROLE_NAME) VALUES ('gjuser32', 'SUPPORT');
INSERT INTO LEOS_USER_ROLE (USER_LOGIN, ROLE_NAME) VALUES ('gjuser33', 'SUPPORT');
INSERT INTO LEOS_USER_ROLE (USER_LOGIN, ROLE_NAME) VALUES ('hkuser34', 'SUPPORT');
INSERT INTO LEOS_USER_ROLE (USER_LOGIN, ROLE_NAME) VALUES ('hkuser35', 'SUPPORT');
INSERT INTO LEOS_USER_ROLE (USER_LOGIN, ROLE_NAME) VALUES ('iluser36', 'SUPPORT');
INSERT INTO LEOS_USER_ROLE (USER_LOGIN, ROLE_NAME) VALUES ('iluser37', 'SUPPORT');
INSERT INTO LEOS_USER_ROLE (USER_LOGIN, ROLE_NAME) VALUES ('jmuser38', 'SUPPORT');
INSERT INTO LEOS_USER_ROLE (USER_LOGIN, ROLE_NAME) VALUES ('jmuser39', 'SUPPORT');
INSERT INTO LEOS_USER_ROLE (USER_LOGIN, ROLE_NAME) VALUES ('knuser40', 'SUPPORT');
INSERT INTO LEOS_USER_ROLE (USER_LOGIN, ROLE_NAME) VALUES ('knuser41', 'SUPPORT');
INSERT INTO LEOS_USER_ROLE (USER_LOGIN, ROLE_NAME) VALUES ('louser42', 'SUPPORT');
INSERT INTO LEOS_USER_ROLE (USER_LOGIN, ROLE_NAME) VALUES ('louser43', 'SUPPORT');
INSERT INTO LEOS_USER_ROLE (USER_LOGIN, ROLE_NAME) VALUES ('mpuser44', 'SUPPORT');
INSERT INTO LEOS_USER_ROLE (USER_LOGIN, ROLE_NAME) VALUES ('mpuser45', 'SUPPORT');
INSERT INTO LEOS_USER_ROLE (USER_LOGIN, ROLE_NAME) VALUES ('nquser46', 'SUPPORT');
INSERT INTO LEOS_USER_ROLE (USER_LOGIN, ROLE_NAME) VALUES ('nquser47', 'SUPPORT');
INSERT INTO LEOS_USER_ROLE (USER_LOGIN, ROLE_NAME) VALUES ('oruser48', 'SUPPORT');
INSERT INTO LEOS_USER_ROLE (USER_LOGIN, ROLE_NAME) VALUES ('oruser49', 'SUPPORT');
INSERT INTO LEOS_USER_ROLE (USER_LOGIN, ROLE_NAME) VALUES ('psuser50', 'SUPPORT');
INSERT INTO LEOS_USER_ROLE (USER_LOGIN, ROLE_NAME) VALUES ('psuser51', 'SUPPORT');
INSERT INTO LEOS_USER_ROLE (USER_LOGIN, ROLE_NAME) VALUES ('qtuser52', 'SUPPORT');
INSERT INTO LEOS_USER_ROLE (USER_LOGIN, ROLE_NAME) VALUES ('qtuser53', 'SUPPORT');
INSERT INTO LEOS_USER_ROLE (USER_LOGIN, ROLE_NAME) VALUES ('ruuser54', 'SUPPORT');
INSERT INTO LEOS_USER_ROLE (USER_LOGIN, ROLE_NAME) VALUES ('ruuser55', 'SUPPORT');
INSERT INTO LEOS_USER_ROLE (USER_LOGIN, ROLE_NAME) VALUES ('svuser56', 'SUPPORT');
INSERT INTO LEOS_USER_ROLE (USER_LOGIN, ROLE_NAME) VALUES ('svuser57', 'SUPPORT');
INSERT INTO LEOS_USER_ROLE (USER_LOGIN, ROLE_NAME) VALUES ('twuser58', 'SUPPORT');
INSERT INTO LEOS_USER_ROLE (USER_LOGIN, ROLE_NAME) VALUES ('twuser59', 'SUPPORT');
INSERT INTO LEOS_USER_ROLE (USER_LOGIN, ROLE_NAME) VALUES ('uxuser60', 'SUPPORT');
INSERT INTO LEOS_USER_ROLE (USER_LOGIN, ROLE_NAME) VALUES ('uxuser61', 'SUPPORT');
INSERT INTO LEOS_USER_ROLE (USER_LOGIN, ROLE_NAME) VALUES ('vyuser62', 'SUPPORT');
INSERT INTO LEOS_USER_ROLE (USER_LOGIN, ROLE_NAME) VALUES ('vyuser63', 'SUPPORT');
INSERT INTO LEOS_USER_ROLE (USER_LOGIN, ROLE_NAME) VALUES ('wauser64', 'SUPPORT');
INSERT INTO LEOS_USER_ROLE (USER_LOGIN, ROLE_NAME) VALUES ('wauser65', 'SUPPORT');
INSERT INTO LEOS_USER_ROLE (USER_LOGIN, ROLE_NAME) VALUES ('xbuser66', 'SUPPORT');
INSERT INTO LEOS_USER_ROLE (USER_LOGIN, ROLE_NAME) VALUES ('xbuser67', 'SUPPORT');
INSERT INTO LEOS_USER_ROLE (USER_LOGIN, ROLE_NAME) VALUES ('ycuser68', 'SUPPORT');
INSERT INTO LEOS_USER_ROLE (USER_LOGIN, ROLE_NAME) VALUES ('ycuser69', 'SUPPORT');
INSERT INTO LEOS_USER_ROLE (USER_LOGIN, ROLE_NAME) VALUES ('aduser70', 'SUPPORT');
INSERT INTO LEOS_USER_ROLE (USER_LOGIN, ROLE_NAME) VALUES ('aduser71', 'SUPPORT');
INSERT INTO LEOS_USER_ROLE (USER_LOGIN, ROLE_NAME) VALUES ('beuser72', 'SUPPORT');
INSERT INTO LEOS_USER_ROLE (USER_LOGIN, ROLE_NAME) VALUES ('beuser73', 'SUPPORT');
INSERT INTO LEOS_USER_ROLE (USER_LOGIN, ROLE_NAME) VALUES ('fcuser74', 'SUPPORT');
INSERT INTO LEOS_USER_ROLE (USER_LOGIN, ROLE_NAME) VALUES ('fcuser75', 'SUPPORT');
INSERT INTO LEOS_USER_ROLE (USER_LOGIN, ROLE_NAME) VALUES ('zxuser76', 'SUPPORT');

INSERT INTO LEOS_ENTITY (ENTITY_ID, ENTITY_NAME, ENTITY_PARENT_ID, ENTITY_ORG_NAME) VALUES ('1', 'CNECT', null, 'CNECT');
INSERT INTO LEOS_ENTITY (ENTITY_ID, ENTITY_NAME, ENTITY_PARENT_ID, ENTITY_ORG_NAME) VALUES ('2', 'CNECT.DDG2', '1', 'CNECT');
INSERT INTO LEOS_ENTITY (ENTITY_ID, ENTITY_NAME, ENTITY_PARENT_ID, ENTITY_ORG_NAME) VALUES ('3', 'CNECT.DDG2.G', '2', 'CNECT');
INSERT INTO LEOS_ENTITY (ENTITY_ID, ENTITY_NAME, ENTITY_PARENT_ID, ENTITY_ORG_NAME) VALUES ('4', 'CNECT.DDG2.G.3', '3', 'CNECT');
INSERT INTO LEOS_ENTITY (ENTITY_ID, ENTITY_NAME, ENTITY_PARENT_ID, ENTITY_ORG_NAME) VALUES ('5', 'DGT', null, 'DGT');
INSERT INTO LEOS_ENTITY (ENTITY_ID, ENTITY_NAME, ENTITY_PARENT_ID, ENTITY_ORG_NAME) VALUES ('6', 'DGT.R', '5', 'DGT');
INSERT INTO LEOS_ENTITY (ENTITY_ID, ENTITY_NAME, ENTITY_PARENT_ID, ENTITY_ORG_NAME) VALUES ('7', 'DGT.R.3', '6', 'DGT');
INSERT INTO LEOS_ENTITY (ENTITY_ID, ENTITY_NAME, ENTITY_PARENT_ID, ENTITY_ORG_NAME) VALUES ('8', 'DGT.R.3.002T', '7', 'DGT');
INSERT INTO LEOS_ENTITY (ENTITY_ID, ENTITY_NAME, ENTITY_PARENT_ID, ENTITY_ORG_NAME) VALUES ('9', 'EE', null, 'EE');

INSERT INTO LEOS_USER_ENTITY (USER_LOGIN, ENTITY_ID) VALUES ('demo', '4');
INSERT INTO LEOS_USER_ENTITY (USER_LOGIN, ENTITY_ID) VALUES ('demo', '8');
INSERT INTO LEOS_USER_ENTITY (USER_LOGIN, ENTITY_ID) VALUES ('john', '3');
INSERT INTO LEOS_USER_ENTITY (USER_LOGIN, ENTITY_ID) VALUES ('jane', '7');
INSERT INTO LEOS_USER_ENTITY (USER_LOGIN, ENTITY_ID) VALUES ('luke', '8');
INSERT INTO LEOS_USER_ENTITY (USER_LOGIN, ENTITY_ID) VALUES ('leia', '2');
INSERT INTO LEOS_USER_ENTITY (USER_LOGIN, ENTITY_ID) VALUES ('han', '4');
INSERT INTO LEOS_USER_ENTITY (USER_LOGIN, ENTITY_ID) VALUES ('chewie', '3');
INSERT INTO LEOS_USER_ENTITY (USER_LOGIN, ENTITY_ID) VALUES ('c3po', '6');
INSERT INTO LEOS_USER_ENTITY (USER_LOGIN, ENTITY_ID) VALUES ('r2d2', '4');
INSERT INTO LEOS_USER_ENTITY (USER_LOGIN, ENTITY_ID) VALUES ('vader', '3');
INSERT INTO LEOS_USER_ENTITY (USER_LOGIN, ENTITY_ID) VALUES ('leos', '2');
INSERT INTO LEOS_USER_ENTITY (USER_LOGIN, ENTITY_ID) VALUES ('admin', '3');
INSERT INTO LEOS_USER_ENTITY (USER_LOGIN, ENTITY_ID) VALUES ('admin', '4');
INSERT INTO LEOS_USER_ENTITY (USER_LOGIN, ENTITY_ID) VALUES ('iluser1', '9');
INSERT INTO LEOS_USER_ENTITY (USER_LOGIN, ENTITY_ID) VALUES ('gjuser17', '9');
INSERT INTO LEOS_USER_ENTITY (USER_LOGIN, ENTITY_ID) VALUES ('gjuser18', '9');
INSERT INTO LEOS_USER_ENTITY (USER_LOGIN, ENTITY_ID) VALUES ('gjuser19', '9');
INSERT INTO LEOS_USER_ENTITY (USER_LOGIN, ENTITY_ID) VALUES ('oruser2', '9');
INSERT INTO LEOS_USER_ENTITY (USER_LOGIN, ENTITY_ID) VALUES ('oruser3', '9');
INSERT INTO LEOS_USER_ENTITY (USER_LOGIN, ENTITY_ID) VALUES ('oruser4', '9');
INSERT INTO LEOS_USER_ENTITY (USER_LOGIN, ENTITY_ID) VALUES ('oruser5', '9');
INSERT INTO LEOS_USER_ENTITY (USER_LOGIN, ENTITY_ID) VALUES ('oruser6', '9');
INSERT INTO LEOS_USER_ENTITY (USER_LOGIN, ENTITY_ID) VALUES ('oruser7', '9');
INSERT INTO LEOS_USER_ENTITY (USER_LOGIN, ENTITY_ID) VALUES ('oruser8', '9');
INSERT INTO LEOS_USER_ENTITY (USER_LOGIN, ENTITY_ID) VALUES ('oruser9', '9');
INSERT INTO LEOS_USER_ENTITY (USER_LOGIN, ENTITY_ID) VALUES ('oruser10', '9');
INSERT INTO LEOS_USER_ENTITY (USER_LOGIN, ENTITY_ID) VALUES ('oruser11', '9');
INSERT INTO LEOS_USER_ENTITY (USER_LOGIN, ENTITY_ID) VALUES ('oruser12', '9');
INSERT INTO LEOS_USER_ENTITY (USER_LOGIN, ENTITY_ID) VALUES ('oruser13', '9');
INSERT INTO LEOS_USER_ENTITY (USER_LOGIN, ENTITY_ID) VALUES ('oruser14', '9');
INSERT INTO LEOS_USER_ENTITY (USER_LOGIN, ENTITY_ID) VALUES ('oruser15', '9');
INSERT INTO LEOS_USER_ENTITY (USER_LOGIN, ENTITY_ID) VALUES ('oruser16', '9');
INSERT INTO LEOS_USER_ENTITY (USER_LOGIN, ENTITY_ID) VALUES ('aduser20', '9');
INSERT INTO LEOS_USER_ENTITY (USER_LOGIN, ENTITY_ID) VALUES ('aduser21', '9');
INSERT INTO LEOS_USER_ENTITY (USER_LOGIN, ENTITY_ID) VALUES ('beuser22', '9');
INSERT INTO LEOS_USER_ENTITY (USER_LOGIN, ENTITY_ID) VALUES ('beuser23', '9');
INSERT INTO LEOS_USER_ENTITY (USER_LOGIN, ENTITY_ID) VALUES ('cfuser24', '9');
INSERT INTO LEOS_USER_ENTITY (USER_LOGIN, ENTITY_ID) VALUES ('cfuser25', '9');
INSERT INTO LEOS_USER_ENTITY (USER_LOGIN, ENTITY_ID) VALUES ('dguser26', '9');
INSERT INTO LEOS_USER_ENTITY (USER_LOGIN, ENTITY_ID) VALUES ('dguser27', '9');
INSERT INTO LEOS_USER_ENTITY (USER_LOGIN, ENTITY_ID) VALUES ('ehuser28', '9');
INSERT INTO LEOS_USER_ENTITY (USER_LOGIN, ENTITY_ID) VALUES ('ehuser29', '9');
INSERT INTO LEOS_USER_ENTITY (USER_LOGIN, ENTITY_ID) VALUES ('fiuser30', '9');
INSERT INTO LEOS_USER_ENTITY (USER_LOGIN, ENTITY_ID) VALUES ('fiuser31', '9');
INSERT INTO LEOS_USER_ENTITY (USER_LOGIN, ENTITY_ID) VALUES ('gjuser32', '9');
INSERT INTO LEOS_USER_ENTITY (USER_LOGIN, ENTITY_ID) VALUES ('gjuser33', '9');
INSERT INTO LEOS_USER_ENTITY (USER_LOGIN, ENTITY_ID) VALUES ('hkuser34', '9');
INSERT INTO LEOS_USER_ENTITY (USER_LOGIN, ENTITY_ID) VALUES ('hkuser35', '9');
INSERT INTO LEOS_USER_ENTITY (USER_LOGIN, ENTITY_ID) VALUES ('iluser36', '9');
INSERT INTO LEOS_USER_ENTITY (USER_LOGIN, ENTITY_ID) VALUES ('iluser37', '9');
INSERT INTO LEOS_USER_ENTITY (USER_LOGIN, ENTITY_ID) VALUES ('jmuser38', '9');
INSERT INTO LEOS_USER_ENTITY (USER_LOGIN, ENTITY_ID) VALUES ('jmuser39', '9');
INSERT INTO LEOS_USER_ENTITY (USER_LOGIN, ENTITY_ID) VALUES ('knuser40', '9');
INSERT INTO LEOS_USER_ENTITY (USER_LOGIN, ENTITY_ID) VALUES ('knuser41', '9');
INSERT INTO LEOS_USER_ENTITY (USER_LOGIN, ENTITY_ID) VALUES ('louser42', '9');
INSERT INTO LEOS_USER_ENTITY (USER_LOGIN, ENTITY_ID) VALUES ('louser43', '9');
INSERT INTO LEOS_USER_ENTITY (USER_LOGIN, ENTITY_ID) VALUES ('mpuser44', '9');
INSERT INTO LEOS_USER_ENTITY (USER_LOGIN, ENTITY_ID) VALUES ('mpuser45', '9');
INSERT INTO LEOS_USER_ENTITY (USER_LOGIN, ENTITY_ID) VALUES ('nquser46', '9');
INSERT INTO LEOS_USER_ENTITY (USER_LOGIN, ENTITY_ID) VALUES ('nquser47', '9');
INSERT INTO LEOS_USER_ENTITY (USER_LOGIN, ENTITY_ID) VALUES ('oruser48', '9');
INSERT INTO LEOS_USER_ENTITY (USER_LOGIN, ENTITY_ID) VALUES ('oruser49', '9');
INSERT INTO LEOS_USER_ENTITY (USER_LOGIN, ENTITY_ID) VALUES ('psuser50', '9');
INSERT INTO LEOS_USER_ENTITY (USER_LOGIN, ENTITY_ID) VALUES ('psuser51', '9');
INSERT INTO LEOS_USER_ENTITY (USER_LOGIN, ENTITY_ID) VALUES ('qtuser52', '9');
INSERT INTO LEOS_USER_ENTITY (USER_LOGIN, ENTITY_ID) VALUES ('qtuser53', '9');
INSERT INTO LEOS_USER_ENTITY (USER_LOGIN, ENTITY_ID) VALUES ('ruuser54', '9');
INSERT INTO LEOS_USER_ENTITY (USER_LOGIN, ENTITY_ID) VALUES ('ruuser55', '9');
INSERT INTO LEOS_USER_ENTITY (USER_LOGIN, ENTITY_ID) VALUES ('svuser56', '9');
INSERT INTO LEOS_USER_ENTITY (USER_LOGIN, ENTITY_ID) VALUES ('svuser57', '9');
INSERT INTO LEOS_USER_ENTITY (USER_LOGIN, ENTITY_ID) VALUES ('twuser58', '9');
INSERT INTO LEOS_USER_ENTITY (USER_LOGIN, ENTITY_ID) VALUES ('twuser59', '9');
INSERT INTO LEOS_USER_ENTITY (USER_LOGIN, ENTITY_ID) VALUES ('uxuser60', '9');
INSERT INTO LEOS_USER_ENTITY (USER_LOGIN, ENTITY_ID) VALUES ('uxuser61', '9');
INSERT INTO LEOS_USER_ENTITY (USER_LOGIN, ENTITY_ID) VALUES ('vyuser62', '9');
INSERT INTO LEOS_USER_ENTITY (USER_LOGIN, ENTITY_ID) VALUES ('vyuser63', '9');
INSERT INTO LEOS_USER_ENTITY (USER_LOGIN, ENTITY_ID) VALUES ('wauser64', '9');
INSERT INTO LEOS_USER_ENTITY (USER_LOGIN, ENTITY_ID) VALUES ('wauser65', '9');
INSERT INTO LEOS_USER_ENTITY (USER_LOGIN, ENTITY_ID) VALUES ('xbuser66', '9');
INSERT INTO LEOS_USER_ENTITY (USER_LOGIN, ENTITY_ID) VALUES ('xbuser67', '9');
INSERT INTO LEOS_USER_ENTITY (USER_LOGIN, ENTITY_ID) VALUES ('ycuser68', '9');
INSERT INTO LEOS_USER_ENTITY (USER_LOGIN, ENTITY_ID) VALUES ('ycuser69', '9');
INSERT INTO LEOS_USER_ENTITY (USER_LOGIN, ENTITY_ID) VALUES ('aduser70', '9');
INSERT INTO LEOS_USER_ENTITY (USER_LOGIN, ENTITY_ID) VALUES ('aduser71', '9');
INSERT INTO LEOS_USER_ENTITY (USER_LOGIN, ENTITY_ID) VALUES ('beuser72', '9');
INSERT INTO LEOS_USER_ENTITY (USER_LOGIN, ENTITY_ID) VALUES ('beuser73', '9');
INSERT INTO LEOS_USER_ENTITY (USER_LOGIN, ENTITY_ID) VALUES ('fcuser74', '9');
INSERT INTO LEOS_USER_ENTITY (USER_LOGIN, ENTITY_ID) VALUES ('fcuser75', '9');
INSERT INTO LEOS_USER_ENTITY (USER_LOGIN, ENTITY_ID) VALUES ('zxuser76', '9');

Commit;
